20250723205556,0.0702,-0.4823,-0.8618
20250723205556,0.0726,-0.4828,-0.8597
20250723205557,0.0756,-0.4835,-0.8594
20250723205558,0.0743,-0.4827,-0.8596
20250723205559,0.0728,-0.4812,-0.8600
20250723205600,0.0739,-0.4839,-0.8572
20250723205601,0.0753,-0.4807,-0.8594
20250723205602,0.0729,-0.4829,-0.8600
20250723205603,0.0751,-0.4869,-0.8580
20250723205604,0.0759,-0.4822,-0.8597
20250723205605,0.0775,-0.4841,-0.8588
20250723205606,0.0774,-0.4830,-0.8580
20250723205607,0.0651,-0.4877,-0.8602
20250723205608,0.0757,-0.4846,-0.8600
20250723205609,0.0751,-0.4844,-0.8584
20250723205610,0.0697,-0.4861,-0.8585
20250723205611,0.0748,-0.4834,-0.8597
20250723205612,0.0756,-0.4841,-0.8604
20250723205613,0.0743,-0.4828,-0.8605
20250723205614,0.0750,-0.4841,-0.8589
20250723205615,0.0708,-0.4836,-0.8610
20250723205616,0.0745,-0.4829,-0.8593
20250723205617,0.0803,-0.4824,-0.8593
20250723205618,0.0775,-0.4836,-0.8591
20250723205619,0.0702,-0.4889,-0.8600
20250723205620,0.0740,-0.4865,-0.8577
20250723205621,0.0730,-0.4879,-0.8564
20250723205622,0.0753,-0.4840,-0.8621
20250723205623,0.0732,-0.4818,-0.8601
20250723205624,0.0657,-0.4857,-0.8585
20250723205625,0.0825,-0.4821,-0.8594
20250723205626,0.0652,-0.4899,-0.8563
20250723205627,0.0735,-0.4823,-0.8578
20250723205628,0.0754,-0.4812,-0.8607
20250723205629,0.0724,-0.4834,-0.8622
20250723205630,0.0725,-0.4818,-0.8663
20250723205631,0.0815,-0.4816,-0.8632
20250723205632,0.0774,-0.4810,-0.8608
20250723205633,0.0660,-0.4856,-0.8662
20250723205634,0.0709,-0.4834,-0.8575
20250723205636,00.0717,-0.4854,-0.8586
20250723205637,0.0740,-0.4825,-0.8596
20250723205638,0.0737,-0.4835,-0.8593
20250723205639,0.0746,-0.4835,-0.8591
20250723205640,0.0743,-0.4830,-0.8600
20250723205641,0.0758,-0.4849,-0.8580
20250723205642,0.0741,-0.4819,-0.8605
20250723205643,0.0747,-0.4836,-0.8586
20250723205644,0.0743,-0.4841,-0.8575
20250723205645,0.0717,-0.4808,-0.8619
20250723205646,0.0740,-0.4849,-0.8585
20250723205647,0.0742,-0.4835,-0.8596
20250723205648,0.0842,-0.4773,-0.8530
20250723205649,0.0764,-0.4858,-0.8585
20250723205650,0.0740,-0.4824,-0.8601
20250723205651,0.0739,-0.4838,-0.8590
20250723205652,0.0743,-0.4846,-0.8590
20250723205653,0.0723,-0.4849,-0.8574
20250723205654,0.0741,-0.4840,-0.8595
20250723205655,0.0775,-0.4836,-0.8590
20250723205656,0.0745,-0.4832,-0.8596
20250723205657,0.0752,-0.4835,-0.8602
20250723205658,0.0747,-0.4834,-0.8602
20250723205659,0.0745,-0.4824,-0.8599
20250723205700,0.0745,-0.4829,-0.8605
20250723205701,0.0763,-0.4830,-0.8590
20250723205702,0.0721,-0.4805,-0.8610
20250723205703,0.0753,-0.4822,-0.8599
20250723205704,0.0742,-0.4834,-0.8613
20250723205705,0.0742,-0.4840,-0.8594
20250723205706,0.0745,-0.4829,-0.8597
20250723205707,0.0757,-0.4849,-0.8599
20250723205708,0.0739,-0.4817,-0.8589
20250723205709,0.0752,-0.4833,-0.8610
20250723205710,0.0746,-0.4845,-0.8597
20250723205711,0.0756,-0.4803,-0.8611
20250723205712,0.0746,-0.4803,-0.8605
20250723205713,0.0730,-0.4823,-0.8606
20250723205714,0.0737,-0.4843,-0.8602
20250723205715,0.0750,-0.4816,-0.8604
20250723205716,0.0736,-0.4833,-0.8611
20250723205717,0.0754,-0.4824,-0.8618
20250723205718,0.0745,-0.4828,-0.8596
20250723205719,0.0745,-0.4824,-0.8607
20250723205720,0.0720,-0.4829,-0.8613
20250723205721,0.0743,-0.4794,-0.8612
20250723205722,0.0740,-0.4829,-0.8589
20250723205723,0.0742,-0.4823,-0.8606
20250723205724,0.0710,-0.4839,-0.8606
20250723205725,0.0748,-0.4839,-0.8590
20250723205726,0.0706,-0.4816,-0.8638
20250723205727,0.0748,-0.4833,-0.8589
20250723205728,0.0745,-0.4872,-0.8589
20250723205729,0.0735,-0.4840,-0.8595
20250723205730,0.0750,-0.4811,-0.8615
20250723205731,0.0763,-0.4827,-0.8593
20250723205732,0.0743,-0.4834,-0.8597
20250723205733,0.0742,-0.4824,-0.8601
20250723205734,0.0742,-0.4821,-0.8595
20250723205735,0.0732,-0.4816,-0.8606
20250723205736,0.0703,-0.4840,-0.8589
20250723205737,0.0728,-0.4797,-0.8615
20250723205738,0.0707,-0.4856,-0.8586
20250723205739,0.0752,-0.4828,-0.8610
20250723205740,0.0756,-0.4824,-0.8621
20250723205741,0.0759,-0.4823,-0.8602
20250723205742,0.0784,-0.4784,-0.8630
20250723205743,0.0743,-0.4836,-0.8612
20250723205744,0.0743,-0.4817,-0.8594
20250723205745,0.0803,-0.4838,-0.8597
20250723205746,0.0795,-0.4843,-0.8588
20250723205747,0.0747,-0.4823,-0.8601
20250723205748,0.0764,-0.4840,-0.8590
20250723205749,0.0748,-0.4824,-0.8601
20250723205750,0.0720,-0.4845,-0.8593
20250723205751,0.0748,-0.4825,-0.8599
20250723205752,0.0740,-0.4813,-0.8580
20250723205753,0.0750,-0.4828,-0.8600
20250723205754,0.0739,-0.4833,-0.8600
20250723205755,0.0756,-0.4824,-0.8602
20250723205756,0.0754,-0.4821,-0.8602
20250723205757,0.0739,-0.4819,-0.8600
20250723205758,0.0763,-0.4824,-0.8596
20250723205759,0.0726,-0.4829,-0.8605
20250723205800,0.0742,-0.4818,-0.8602
20250723205801,0.0764,-0.4836,-0.8591
20250723205802,0.0747,-0.4823,-0.8608
20250723205803,0.0758,-0.4824,-0.8597
20250723205804,0.0723,-0.4810,-0.8606
20250723205805,0.0741,-0.4825,-0.8610
20250723205806,0.0748,-0.4827,-0.8595
20250723205807,0.0753,-0.4829,-0.8593
20250723205808,0.0745,-0.4802,-0.8630
20250723205809,0.0747,-0.4828,-0.8593
20250723205810,0.0751,-0.4823,-0.8601
20250723205811,0.0779,-0.4827,-0.8602
20250723205812,0.0732,-0.4824,-0.8593
20250723205813,0.0760,-0.4822,-0.8595
20250723205814,0.0751,-0.4827,-0.8597
20250723205815,0.0751,-0.4821,-0.8608
20250723205816,0.0747,-0.4825,-0.8594
20250723205817,0.0728,-0.4829,-0.8597
20250723205818,0.0739,-0.4827,-0.8604
20250723205819,0.0737,-0.4822,-0.8595
20250723205820,0.0745,-0.4830,-0.8594
20250723205821,0.0712,-0.4847,-0.8600
20250723205822,0.0676,-0.4799,-0.8599
20250723205823,0.0740,-0.4836,-0.8591
20250723205824,0.0742,-0.4830,-0.8596
20250723205825,0.0754,-0.4818,-0.8605
20250723205826,0.0740,-0.4830,-0.8591
20250723205827,0.0745,-0.4802,-0.8623
20250723205828,0.0743,-0.4839,-0.8596
20250723205829,0.0757,-0.4825,-0.8597
20250723205830,0.0737,-0.4850,-0.8595
20250723205831,0.0725,-0.4822,-0.8608
20250723205832,0.0764,-0.4856,-0.8584
20250723205833,0.0723,-0.4811,-0.8617
20250723205834,0.0800,-0.4788,-0.8643
20250723205835,0.0801,-0.4828,-0.8591
20250723205836,0.0786,-0.4814,-0.8628
20250723205837,0.0751,-0.4814,-0.8613
20250723205838,0.0743,-0.4841,-0.8594
20250723205839,0.0748,-0.4836,-0.8597
20250723205840,0.0742,-0.4835,-0.8597
20250723205841,0.0746,-0.4823,-0.8593
20250723205842,0.0745,-0.4827,-0.8595
20250723205843,0.0748,-0.4822,-0.8602
20250723205844,0.0756,-0.4844,-0.8584
20250723205845,0.0748,-0.4823,-0.8589
20250723205846,0.0754,-0.4838,-0.8601
20250723205847,0.0741,-0.4832,-0.8597
20250723205848,0.0742,-0.4824,-0.8602
20250723205849,0.0735,-0.4833,-0.8599
20250723205850,0.0741,-0.4825,-0.8596
20250723205851,0.0745,-0.4836,-0.8601
20250723205852,0.0732,-0.4832,-0.8599
20250723205853,0.0734,-0.4833,-0.8596
20250723205854,0.0741,-0.4817,-0.8606
20250723205855,0.0737,-0.4819,-0.8607
20250723205856,0.0739,-0.4822,-0.8599
20250723205857,0.0741,-0.4827,-0.8584
20250723205858,0.0736,-0.4819,-0.8606
20250723205859,0.0732,-0.4827,-0.8601
20250723205900,0.0748,-0.4823,-0.8607
20250723205901,0.0752,-0.4810,-0.8612
20250723205902,0.0728,-0.4825,-0.8594
20250723205903,0.0732,-0.4832,-0.8605
20250723205904,0.0732,-0.4823,-0.8612
20250723205905,0.0740,-0.4830,-0.8600
20250723205906,0.0736,-0.4821,-0.8602
20250723205907,0.0739,-0.4836,-0.8610
20250723205908,0.0742,-0.4801,-0.8628
20250723205909,0.0747,-0.4822,-0.8604
20250723205910,0.0763,-0.4825,-0.8601
20250723205911,0.0802,-0.4786,-0.8600
20250723205912,0.0748,-0.4830,-0.8607
20250723205913,0.0775,-0.4828,-0.8588
20250723205914,0.0729,-0.4757,-0.8641
20250723205916,0.0765,-0.4849,-0.8596
20250723205917,0.0725,-0.4836,-0.8579
20250723205918,0.0781,-0.4790,-0.8621
20250723205919,0.0752,-0.4802,-0.8612
20250723205920,0.0773,-0.4794,-0.8617
20250723205921,0.0686,-0.4794,-0.8657
20250723205922,0.0717,-0.4817,-0.8611
20250723205923,0.0726,-0.4806,-0.8611
20250723205924,0.0732,-0.4813,-0.8611
20250723205925,0.0732,-0.4812,-0.8608
20250723205926,0.0757,-0.4814,-0.8596
20250723205927,0.0729,-0.4822,-0.8622
20250723205928,0.0774,-0.4825,-0.8618
20250723205929,0.0779,-0.4829,-0.8545
20250723205930,0.0786,-0.4835,-0.8617
20250723205931,0.0775,-0.4780,-0.8602
20250723205932,0.0831,-0.4780,-0.8632
20250723205933,0.0742,-0.4816,-0.8638
20250723205934,0.0839,-0.4927,-0.8740
20250723205935,0.0758,-0.4764,-0.8633
20250723205936,0.0740,-0.4799,-0.8611
20250723205937,0.0752,-0.4800,-0.8555
20250723205938,0.0778,-0.4844,-0.8594
20250723205939,0.0717,-0.4795,-0.8606
20250723205940,0.0736,-0.4796,-0.8617
20250723205941,0.0710,-0.4821,-0.8597
20250723205942,0.0743,-0.4791,-0.8624
20250723205943,0.0762,-0.4822,-0.8615
20250723205944,0.0735,-0.4796,-0.8610
20250723205945,0.0721,-0.4828,-0.8600
20250723205946,0.0750,-0.4797,-0.8606
20250723205947,0.0737,-0.4811,-0.8600
20250723205948,0.0747,-0.4828,-0.8607
20250723205949,0.0743,-0.4805,-0.8613
20250723205950,0.0724,-0.4808,-0.8618
20250723205951,0.0748,-0.4781,-0.8618
20250723205952,0.0751,-0.4838,-0.8602
20250723205953,0.0724,-0.4800,-0.8624
20250723205954,0.0754,-0.4821,-0.8604
20250723205955,0.0770,-0.4808,-0.8596
20250723205956,0.0763,-0.4761,-0.8643
20250723205957,0.0746,-0.4829,-0.8600
20250723205958,0.0736,-0.4811,-0.8616
20250723205959,0.0757,-0.4816,-0.8608
20250723210000,0.0771,-0.4816,-0.8606
20250723210001,0.0729,-0.4879,-0.8563
20250723210002,0.0757,-0.4786,-0.8617
20250723210003,0.0748,-0.4811,-0.8602
20250723210004,0.0735,-0.4800,-0.8606
20250723210005,0.0765,-0.4785,-0.8634
20250723210006,0.0807,-0.4935,-0.8630
20250723210007,0.0773,-0.4830,-0.8615
20250723210008,0.0728,-0.4845,-0.8599
20250723210009,0.0754,-0.4810,-0.8612
20250723210010,0.0758,-0.4813,-0.8616
20250723210011,0.0731,-0.4819,-0.8606
20250723210012,0.0732,-0.4816,-0.8617
20250723210013,0.0740,-0.4805,-0.8612
20250723210014,0.0745,-0.4823,-0.8607
20250723210015,0.0743,-0.4800,-0.8615
20250723210016,0.0735,-0.4813,-0.8599
20250723210017,0.0753,-0.4805,-0.8607
20250723210018,0.0741,-0.4811,-0.8611
20250723210019,0.0742,-0.4814,-0.8611
20250723210020,0.0721,-0.4812,-0.8608
20250723210021,0.0736,-0.4810,-0.8612
20250723210022,0.0730,-0.4799,-0.8608
20250723210023,0.0752,-0.4806,-0.8611
20250723210024,0.0750,-0.4807,-0.8616
20250723210025,0.0740,-0.4810,-0.8606
20250723210026,0.0736,-0.4811,-0.8616
20250723210027,0.0747,-0.4806,-0.8612
20250723210028,0.0750,-0.4807,-0.8615
20250723210029,0.0747,-0.4806,-0.8613
20250723210030,0.0752,-0.4810,-0.8605
20250723210031,0.0743,-0.4813,-0.8607
20250723210032,0.0751,-0.4816,-0.8606
20250723210033,0.0751,-0.4807,-0.8617
20250723210034,0.0760,-0.4810,-0.8615
20250723210035,0.0743,-0.4802,-0.8615
20250723210036,0.0736,-0.4801,-0.8618
20250723210037,0.0743,-0.4812,-0.8608
20250723210038,0.0743,-0.4802,-0.8616
20250723210039,0.0736,-0.4835,-0.8594
20250723210040,0.0731,-0.4818,-0.8582
20250723210041,0.0729,-0.4816,-0.8602
20250723210042,0.0758,-0.4811,-0.8613
20250723210043,0.0759,-0.4814,-0.8604
20250723210044,0.0736,-0.4824,-0.8604
20250723210045,0.0740,-0.4867,-0.8569
20250723210046,0.0764,-0.4829,-0.8594
20250723210047,0.0759,-0.4822,-0.8606
20250723210048,0.0734,-0.4794,-0.8615
20250723210049,0.0747,-0.4827,-0.8594
20250723210050,0.0725,-0.4805,-0.8607
20250723210051,0.0725,-0.4828,-0.8590
20250723210052,0.0742,-0.4814,-0.8607
20250723210053,0.0742,-0.4817,-0.8611
20250723210054,0.0743,-0.4817,-0.8604
20250723210055,0.0737,-0.4825,-0.8597
20250723210056,0.0725,-0.4818,-0.8601
20250723210057,0.0742,-0.4821,-0.8605
20250723210058,0.0741,-0.4821,-0.8600
20250723210059,0.0739,-0.4813,-0.8607
20250723210100,0.0753,-0.4824,-0.8601
20250723210101,0.0743,-0.4805,-0.8607
20250723210102,0.0756,-0.4821,-0.8605
20250723210103,0.0735,-0.4816,-0.8608
20250723210104,0.0750,-0.4818,-0.8606
20250723210105,0.0745,-0.4799,-0.8610
20250723210106,0.0756,-0.4821,-0.8595
20250723210107,0.0739,-0.4818,-0.8610
20250723210108,0.0735,-0.4817,-0.8613
20250723210109,0.0726,-0.4840,-0.8600
20250723210110,0.0746,-0.4801,-0.8621
20250723210111,0.0692,-0.4808,-0.8610
20250723210112,0.0759,-0.4785,-0.8568
20250723210113,0.0693,-0.4817,-0.8615
20250723210115,00.0767,-0.4817,-0.8612
20250723210116,0.0717,-0.4808,-0.8600
20250723210117,0.0763,-0.4803,-0.8599
20250723210118,0.0714,-0.4832,-0.8599
20250723210119,0.0774,-0.4779,-0.8604
20250723210120,0.0828,-0.4758,-0.8618
20250723210121,0.0773,-0.4763,-0.8628
20250723210122,0.0743,-0.4790,-0.8612
20250723210123,0.0715,-0.4805,-0.8612
20250723210124,0.0781,-0.4888,-0.8665
20250723210125,0.0746,-0.4926,-0.8561
20250723210126,0.0746,-0.4817,-0.8615
20250723210127,0.0748,-0.4813,-0.8596
20250723210128,0.0752,-0.4817,-0.8610
20250723210129,0.0758,-0.4810,-0.8612
20250723210130,0.0734,-0.4799,-0.8610
20250723210131,0.0746,-0.4827,-0.8606
20250723210132,0.0748,-0.4817,-0.8606
20250723210133,0.0742,-0.4822,-0.8602
20250723210134,0.0743,-0.4816,-0.8611
20250723210135,0.0768,-0.4822,-0.8599
20250723210136,0.0743,-0.4807,-0.8611
20250723210137,0.0750,-0.4812,-0.8604
20250723210138,0.0757,-0.4834,-0.8601
20250723210139,0.0709,-0.4825,-0.8610
20250723210140,0.0737,-0.4824,-0.8605
20250723210141,0.0746,-0.4807,-0.8608
20250723210142,0.0743,-0.4811,-0.8610
20250723210143,0.0743,-0.4819,-0.8608
20250723210144,0.0751,-0.4821,-0.8600
20250723210145,0.0742,-0.4800,-0.8602
20250723210146,0.0757,-0.4823,-0.8597
20250723210147,0.0795,-0.4874,-0.8544
20250723210148,0.0715,-0.4778,-0.8622
20250723210149,0.0759,-0.4801,-0.8617
20250723210150,0.0742,-0.4806,-0.8602
20250723210151,0.0739,-0.4806,-0.8601
20250723210152,0.0697,-0.4760,-0.8612
20250723210153,0.0748,-0.4812,-0.8607
20250723210154,0.0759,-0.4818,-0.8600
20250723210155,0.0742,-0.4802,-0.8617
20250723210156,0.0746,-0.4792,-0.8624
20250723210157,0.0743,-0.4810,-0.8606
20250723210158,0.0728,-0.4778,-0.8605
20250723210159,0.0747,-0.4821,-0.8608
20250723210200,0.0756,-0.4817,-0.8606
20250723210201,0.0745,-0.4810,-0.8613
20250723210202,0.0745,-0.4807,-0.8613
20250723210203,0.0746,-0.4806,-0.8607
20250723210204,0.0741,-0.4808,-0.8615
20250723210205,0.0750,-0.4801,-0.8617
20250723210206,0.0737,-0.4802,-0.8613
20250723210207,0.0731,-0.4802,-0.8604
20250723210208,0.0725,-0.4800,-0.8618
20250723210209,0.0750,-0.4800,-0.8610
20250723210210,0.0760,-0.4811,-0.8607
20250723210211,0.0743,-0.4808,-0.8610
20250723210212,0.0743,-0.4808,-0.8611
20250723210213,0.0728,-0.4812,-0.8608
20250723210214,0.0735,-0.4788,-0.8617
20250723210215,0.0764,-0.4816,-0.8611
20250723210216,0.0750,-0.4801,-0.8611
20250723210217,0.0747,-0.4797,-0.8622
20250723210218,0.0752,-0.4827,-0.8599
20250723210219,0.0754,-0.4818,-0.8607
20250723210220,0.0751,-0.4810,-0.8595
20250723210221,0.0742,-0.4805,-0.8590
20250723210222,0.0759,-0.4789,-0.8621
20250723210223,0.0703,-0.4780,-0.8621
20250723210224,0.0737,-0.4823,-0.8600
20250723210225,0.0741,-0.4818,-0.8605
20250723210226,0.0765,-0.4838,-0.8595
20250723210227,0.0763,-0.4823,-0.8585
20250723210228,0.0748,-0.4830,-0.8602
20250723210229,0.0740,-0.4805,-0.8617
20250723210230,0.0742,-0.4812,-0.8611
20250723210231,0.0751,-0.4824,-0.8607
20250723210232,0.0731,-0.4816,-0.8616
20250723210233,0.0767,-0.4828,-0.8602
20250723210234,0.0728,-0.4816,-0.8605
20250723210235,0.0742,-0.4822,-0.8610
20250723210236,0.0724,-0.4814,-0.8621
20250723210237,0.0747,-0.4834,-0.8602
20250723210238,0.0748,-0.4816,-0.8607
20250723210239,0.0730,-0.4796,-0.8621
20250723210240,0.0731,-0.4821,-0.8599
20250723210241,0.0743,-0.4800,-0.8621
20250723210242,0.0769,-0.4822,-0.8606
20250723210243,0.0752,-0.4794,-0.8628
20250723210244,0.0732,-0.4830,-0.8610
20250723210245,0.0756,-0.4822,-0.8606
20250723210246,0.0737,-0.4810,-0.8612
20250723210247,0.0745,-0.4832,-0.8613
20250723210248,0.0754,-0.4819,-0.8606
20250723210249,0.0739,-0.4811,-0.8605
20250723210250,0.0751,-0.4818,-0.8607
20250723210251,0.0753,-0.4822,-0.8606
20250723210252,0.0730,-0.4819,-0.8610
20250723210253,0.0721,-0.4823,-0.8611
20250723210254,0.0751,-0.4822,-0.8600
20250723210255,0.0745,-0.4816,-0.8599
20250723210256,0.0734,-0.4825,-0.8612
20250723210257,0.0732,-0.4817,-0.8607
20250723210258,0.0740,-0.4812,-0.8604
20250723210259,0.0742,-0.4823,-0.8615
20250723210300,0.0745,-0.4814,-0.8613
20250723210301,0.0732,-0.4825,-0.8599
20250723210302,0.0742,-0.4795,-0.8619
20250723210303,0.0747,-0.4818,-0.8608
20250723210304,0.0724,-0.4813,-0.8594
20250723210305,0.0695,-0.4777,-0.8632
20250723210306,0.0743,-0.4832,-0.8608
20250723210307,0.0757,-0.4796,-0.8613
20250723210308,0.0737,-0.4757,-0.8643
20250723210309,0.0743,-0.4840,-0.8597
20250723210310,0.0739,-0.4838,-0.8594
20250723210311,0.0709,-0.4800,-0.8615
20250723210312,0.0757,-0.4788,-0.8619
20250723210313,0.0742,-0.4794,-0.8552
20250723210314,0.0839,-0.4812,-0.8635
20250723210315,0.0782,-0.4807,-0.8605
20250723210316,0.0745,-0.4821,-0.8633
20250723210317,0.0765,-0.4777,-0.8589
20250723210318,0.0767,-0.4797,-0.8613
20250723210319,0.0750,-0.4795,-0.8619
20250723210320,0.0751,-0.4836,-0.8610
20250723210321,0.0724,-0.4783,-0.8575
20250723210322,0.0746,-0.4824,-0.8608
20250723210323,0.0781,-0.4843,-0.8633
20250723210324,0.0773,-0.4865,-0.8584
20250723210325,0.0745,-0.4822,-0.8602
20250723210326,0.0728,-0.4822,-0.8583
20250723210327,0.0724,-0.4843,-0.8588
20250723210328,0.0762,-0.4839,-0.8610
20250723210329,0.0723,-0.4847,-0.8585
20250723210330,0.0734,-0.4832,-0.8600
20250723210331,0.0854,-0.4830,-0.8639
20250723210332,0.0742,-0.4792,-0.8617
20250723210333,0.0768,-0.4849,-0.8590
20250723210334,0.0752,-0.4861,-0.8585
20250723210335,0.0730,-0.4846,-0.8588
20250723210336,0.0771,-0.4797,-0.8601
20250723210337,0.0748,-0.4838,-0.8599
20250723210338,0.0763,-0.4840,-0.8591
20250723210339,0.0742,-0.4816,-0.8597
20250723210340,0.0728,-0.4850,-0.8596
20250723210341,0.0760,-0.4834,-0.8589
20250723210342,0.0750,-0.4832,-0.8606
20250723210343,0.0739,-0.4825,-0.8615
20250723210344,0.0745,-0.4832,-0.8590
20250723210345,0.0825,-0.4883,-0.8582
20250723210346,0.0753,-0.4832,-0.8591
20250723210347,0.0748,-0.4790,-0.8618
20250723210348,0.0758,-0.4781,-0.8553
20250723210349,0.0732,-0.4801,-0.8621
20250723210350,0.0758,-0.4810,-0.8595
20250723210351,0.0702,-0.4797,-0.8661
20250723210352,0.0751,-0.4824,-0.8600
20250723210353,0.0751,-0.4825,-0.8599
20250723210354,0.0757,-0.4816,-0.8625
20250723210355,0.0767,-0.4819,-0.8601
20250723210356,0.0757,-0.4822,-0.8600
20250723210357,0.0730,-0.4808,-0.8615
20250723210358,0.0741,-0.4839,-0.8593
20250723210359,0.0753,-0.4834,-0.8596
20250723210400,0.0742,-0.4828,-0.8596
20250723210401,0.0743,-0.4819,-0.8593
20250723210402,0.0757,-0.4839,-0.8595
20250723210403,0.0726,-0.4857,-0.8615
20250723210404,0.0717,-0.4825,-0.8560
20250723210405,0.0737,-0.4871,-0.8601
20250723210406,0.0760,-0.4836,-0.8611
20250723210407,0.0734,-0.4852,-0.8625
20250723210408,0.0785,-0.4824,-0.8608
20250723210409,0.0751,-0.4825,-0.8616
20250723210410,0.0767,-0.4834,-0.8589
20250723210411,0.0741,-0.4817,-0.8605
20250723210412,0.0748,-0.4805,-0.8612
20250723210413,0.0742,-0.4818,-0.8599
20250723210414,0.0752,-0.4836,-0.8594
20250723210415,0.0736,-0.4841,-0.8591
20250723210416,0.0765,-0.4786,-0.8619
20250723210417,0.0741,-0.4836,-0.8596
20250723210418,0.0726,-0.4825,-0.8597
20250723210419,0.0740,-0.4833,-0.8584
20250723210420,0.0747,-0.4844,-0.8599
20250723210421,0.0731,-0.4830,-0.8599
20250723210422,0.0739,-0.4819,-0.8599
20250723210423,0.0729,-0.4816,-0.8602
20250723210424,0.0751,-0.4832,-0.8600
20250723210425,0.0742,-0.4821,-0.8605
20250723210426,0.0737,-0.4823,-0.8604
20250723210427,0.0740,-0.4830,-0.8597
20250723210428,0.0753,-0.4825,-0.8596
20250723210429,0.0746,-0.4808,-0.8601
20250723210430,0.0813,-0.4839,-0.8593
20250723210431,0.0737,-0.4800,-0.8611
20250723210432,0.0740,-0.4830,-0.8627
20250723210433,0.0723,-0.4805,-0.8644
20250723210434,0.0729,-0.4821,-0.8590
20250723210435,0.0737,-0.4849,-0.8595
20250723210436,0.0739,-0.4829,-0.8596
20250723210437,0.0745,-0.4824,-0.8604
20250723210438,0.0763,-0.4832,-0.8593
20250723210439,0.0746,-0.4827,-0.8593
20250723210440,0.0746,-0.4829,-0.8594
20250723210441,0.0741,-0.4824,-0.8606
20250723210442,0.0743,-0.4834,-0.8595
20250723210443,0.0739,-0.4805,-0.8612
20250723210444,0.0752,-0.4833,-0.8585
20250723210445,0.0740,-0.4828,-0.8601
20250723210446,0.0748,-0.4829,-0.8605
20250723210447,0.0747,-0.4832,-0.8599
20250723210448,0.0762,-0.4840,-0.8593
20250723210449,0.0753,-0.4813,-0.8606
20250723210450,0.0740,-0.4828,-0.8604
20250723210451,0.0728,-0.4825,-0.8585
20250723210452,0.0731,-0.4839,-0.8594
20250723210453,0.0739,-0.4816,-0.8607
20250723210454,0.0747,-0.4829,-0.8595
20250723210455,0.0745,-0.4810,-0.8604
20250723210456,0.0748,-0.4830,-0.8605
20250723210457,0.0764,-0.4832,-0.8591
20250723210458,0.0773,-0.4844,-0.8586
20250723210459,0.0742,-0.4814,-0.8612
20250723210500,0.0756,-0.4819,-0.8610
20250723210501,0.0758,-0.4821,-0.8604
20250723210502,0.0757,-0.4836,-0.8599
20250723210503,0.0769,-0.4817,-0.8601
20250723210504,0.0736,-0.4822,-0.8595
20250723210505,0.0743,-0.4830,-0.8608
20250723210506,0.0760,-0.4862,-0.8584
20250723210507,0.0739,-0.4813,-0.8586
20250723210508,0.0747,-0.4802,-0.8597
20250723210509,0.0743,-0.4818,-0.8610
20250723210510,0.0760,-0.4834,-0.8591
20250723210511,0.0771,-0.4851,-0.8579
20250723210512,0.0729,-0.4840,-0.8585
20250723210513,0.0746,-0.4818,-0.8595
20250723210514,0.0735,-0.4825,-0.8606
20250723210515,0.0747,-0.4830,-0.8602
20250723210516,0.0750,-0.4838,-0.8596
20250723210517,0.0741,-0.4814,-0.8597
20250723210518,0.0752,-0.4839,-0.8607
20250723210519,0.0756,-0.4854,-0.8574
20250723210520,0.0763,-0.4796,-0.8615
20250723210522,0.0751,-0.4845,-0.8594
20250723210523,0.0753,-0.4824,-0.8590
20250723210524,0.0747,-0.4821,-0.8619
20250723210525,0.0763,-0.4835,-0.8588
20250723210526,0.0736,-0.4838,-0.8599
20250723210527,0.0750,-0.4828,-0.8590
20250723210528,0.0734,-0.4838,-0.8602
20250723210529,0.0741,-0.4825,-0.8600
20250723210530,0.0756,-0.4830,-0.8602
20250723210531,0.0740,-0.4825,-0.8599
20250723210532,0.0739,-0.4838,-0.8607
20250723210533,0.0735,-0.4821,-0.8607
20250723210534,0.0742,-0.4822,-0.8602
20250723210535,0.0748,-0.4838,-0.8594
20250723210536,0.0743,-0.4833,-0.8600
20250723210537,0.0741,-0.4836,-0.8589
20250723210538,0.0737,-0.4814,-0.8611
20250723210539,0.0745,-0.4843,-0.8607
20250723210540,0.0740,-0.4784,-0.8629
20250723210541,0.0789,-0.4818,-0.8606
20250723210542,0.0742,-0.4823,-0.8606
20250723210543,0.0759,-0.4828,-0.8596
20250723210544,0.0724,-0.4824,-0.8604
20250723210545,0.0741,-0.4808,-0.8621
20250723210546,0.0737,-0.4840,-0.8595
20250723210547,0.0759,-0.4839,-0.8593
20250723210548,0.0741,-0.4832,-0.8596
20250723210549,0.0737,-0.4839,-0.8577
20250723210550,0.0743,-0.4794,-0.8597
20250723210551,0.0737,-0.4819,-0.8593
20250723210552,0.0759,-0.4818,-0.8611
20250723210553,0.0747,-0.4847,-0.8590
20250723210554,0.0725,-0.4836,-0.8610
20250723210555,0.0778,-0.4827,-0.8584
20250723210556,0.0747,-0.4823,-0.8590
20250723210557,0.0741,-0.4855,-0.8582
20250723210558,0.0743,-0.4806,-0.8616
20250723210559,0.0735,-0.4840,-0.8596
20250723210600,0.0743,-0.4825,-0.8596
20250723210601,0.0685,-0.4594,-0.8751
20250723210602,0.0754,-0.4623,-0.8713
20250723210603,0.0739,-0.4562,-0.8748
20250723210604,0.0731,-0.4568,-0.8745
20250723210605,0.0734,-0.4551,-0.8750
20250723210606,0.0715,-0.4567,-0.8752
20250723210607,0.0720,-0.4528,-0.8751
20250723210608,0.0736,-0.4548,-0.8740
20250723210609,0.0741,-0.4565,-0.8740
20250723210610,0.0740,-0.4554,-0.8749
20250723210611,0.0724,-0.4546,-0.8752
20250723210612,0.0728,-0.4564,-0.8739
20250723210613,0.0726,-0.4564,-0.8735
20250723210614,0.0735,-0.4553,-0.8748
20250723210615,0.0713,-0.4567,-0.8735
20250723210616,0.0741,-0.4546,-0.8755
20250723210617,0.0754,-0.4552,-0.8773
20250723210618,0.0767,-0.4567,-0.8749
20250723210619,0.0714,-0.4591,-0.8733
20250723210620,0.0737,-0.4562,-0.8726
20250723210621,0.0731,-0.4556,-0.8729
20250723210622,0.0745,-0.4548,-0.8759
20250723210623,0.0728,-0.4553,-0.8751
20250723210624,0.0747,-0.4526,-0.8760
20250723210625,0.0745,-0.4562,-0.8744
20250723210626,0.0737,-0.4536,-0.8756
20250723210627,0.0745,-0.4551,-0.8751
20250723210628,0.0746,-0.4542,-0.8755
20250723210629,0.0702,-0.4568,-0.8738
20250723210630,0.0720,-0.4546,-0.8755
20250723210631,0.0743,-0.4532,-0.8768
20250723210632,0.0747,-0.4565,-0.8751
20250723210633,0.0735,-0.4537,-0.8748
20250723210634,0.0731,-0.4561,-0.8745
20250723210635,0.0745,-0.4537,-0.8756
20250723210636,0.0732,-0.4535,-0.8767
20250723210637,0.0740,-0.4547,-0.8749
20250723210638,0.0756,-0.4579,-0.8744
20250723210639,0.0725,-0.4539,-0.8755
20250723210640,0.0774,-0.4543,-0.8763
20250723210641,0.0759,-0.4548,-0.8761
20250723210642,0.0730,-0.4528,-0.8761
20250723210643,0.0739,-0.4520,-0.8771
20250723210644,0.0742,-0.4541,-0.8766
20250723210645,0.0731,-0.4554,-0.8762
20250723210646,0.0730,-0.4540,-0.8762
20250723210647,0.0736,-0.4519,-0.8777
20250723210648,0.0734,-0.4541,-0.8759
20250723210649,0.0748,-0.4529,-0.8750
20250723210650,0.0739,-0.4525,-0.8760
20250723210651,0.0732,-0.4562,-0.8748
20250723210652,0.0736,-0.4529,-0.8756
20250723210653,0.0737,-0.4553,-0.8750
20250723210654,0.0732,-0.4539,-0.8750
20250723210655,0.0708,-0.4528,-0.8757
20250723210656,0.0750,-0.4546,-0.8746
20250723210657,0.0732,-0.4546,-0.8751
20250723210658,0.0728,-0.4529,-0.8763
20250723210659,0.0721,-0.4543,-0.8754
20250723210700,0.0736,-0.4541,-0.8754
20250723210701,0.0732,-0.4536,-0.8756
20250723210702,0.0735,-0.4536,-0.8748
20250723210703,0.0720,-0.4551,-0.8748
20250723210704,0.0732,-0.4542,-0.8762
20250723210705,0.0743,-0.4558,-0.8745
20250723210706,0.0791,-0.4562,-0.8767
20250723210707,0.0709,-0.4639,-0.8713
20250723210708,0.0730,-0.4545,-0.8755
20250723210709,0.0725,-0.4554,-0.8751
20250723210710,0.0742,-0.4541,-0.8754
20250723210711,0.0723,-0.4557,-0.8762
20250723210712,0.0725,-0.4530,-0.8762
20250723210713,0.0732,-0.4531,-0.8765
20250723210714,0.0721,-0.4559,-0.8744
20250723210715,0.0735,-0.4535,-0.8759
20250723210716,0.0728,-0.4546,-0.8757
20250723210717,0.0735,-0.4535,-0.8756
20250723210718,0.0731,-0.4552,-0.8751
20250723210719,0.0728,-0.4550,-0.8740
20250723210720,0.0718,-0.4519,-0.8777
20250723210721,0.0753,-0.4553,-0.8749
20250723210722,0.0739,-0.4513,-0.8761
20250723210723,0.0741,-0.4550,-0.8741
20250723210724,0.0719,-0.4523,-0.8768
20250723210725,0.0748,-0.4556,-0.8743
20250723210726,0.0728,-0.4531,-0.8762
20250723210727,0.0725,-0.4559,-0.8751
20250723210728,0.0728,-0.4545,-0.8749
20250723210729,0.0737,-0.4535,-0.8756
20250723210730,0.0732,-0.4543,-0.8757
20250723210731,0.0712,-0.4535,-0.8759
20250723210732,0.0732,-0.4542,-0.8760
20250723210733,0.0747,-0.4545,-0.8748
20250723210734,0.0718,-0.4531,-0.8757
20250723210735,0.0732,-0.4530,-0.8439
20250723210736,0.0718,-0.4540,-0.8757
20250723210737,0.0752,-0.4564,-0.8759
20250723210738,0.0732,-0.4530,-0.8761
20250723210739,0.0745,-0.4541,-0.8745
20250723210740,0.0785,-0.4556,-0.8740
20250723210741,0.0731,-0.4535,-0.8763
20250723210742,0.0730,-0.4541,-0.8759
20250723210743,0.0752,-0.4539,-0.8756
20250723210744,0.0735,-0.4542,-0.8757
20250723210745,0.0723,-0.4520,-0.8777
20250723210746,0.0734,-0.4541,-0.8754
20250723210747,0.0731,-0.4541,-0.8757
20250723210748,0.0719,-0.4525,-0.8755
20250723210749,0.0740,-0.4545,-0.8756
20250723210750,0.0735,-0.4552,-0.8745
20250723210751,0.0732,-0.4537,-0.8766
20250723210752,0.0742,-0.4552,-0.8763
20250723210753,0.0718,-0.4525,-0.8767
20250723210754,0.0743,-0.4562,-0.8748
20250723210755,0.0708,-0.4509,-0.8778
20250723210756,0.0750,-0.4611,-0.8801
20250723210757,0.0729,-0.4548,-0.8754
20250723210758,0.0837,-0.4579,-0.8696
20250723210759,0.0726,-0.4524,-0.8763
20250723210800,0.0708,-0.4531,-0.8766
20250723210801,0.0731,-0.4550,-0.8752
20250723210802,0.0726,-0.4532,-0.8763
20250723210803,0.0720,-0.4524,-0.8759
20250723210804,0.0708,-0.4559,-0.8739
20250723210805,0.0739,-0.4530,-0.8756
20250723210806,0.0721,-0.4552,-0.8745
20250723210807,0.0740,-0.4490,-0.8823
20250723210808,0.0751,-0.4557,-0.8759
20250723210809,0.0734,-0.4531,-0.8759
20250723210810,0.0728,-0.4529,-0.8759
20250723210811,0.0747,-0.4542,-0.8757
20250723210812,0.0740,-0.4530,-0.8761
20250723210813,0.0741,-0.4541,-0.8756
20250723210814,0.0718,-0.4532,-0.8744
20250723210815,0.0732,-0.4542,-0.8760
20250723210816,0.0731,-0.4509,-0.8760
20250723210817,0.0757,-0.4572,-0.8749
20250723210818,0.0743,-0.4519,-0.8759
20250723210819,0.0736,-0.4525,-0.8765
20250723210820,0.0759,-0.4520,-0.8748
20250723210821,0.0720,-0.4556,-0.8744
20250723210822,0.0732,-0.4540,-0.8766
20250723210823,0.0728,-0.4539,-0.8766
20250723210824,0.0724,-0.4535,-0.8763
20250723210825,0.0731,-0.4536,-0.8772
20250723210826,0.0756,-0.4543,-0.8771
20250723210827,0.0735,-0.4530,-0.8768
20250723210828,0.0715,-0.4530,-0.8760
20250723210829,0.0734,-0.4543,-0.8756
20250723210830,0.0728,-0.4514,-0.8750
20250723210831,0.0757,-0.4535,-0.8771
20250723210832,0.0732,-0.4534,-0.8772
20250723210833,0.0708,-0.4520,-0.8767
20250723210834,0.0743,-0.4535,-0.8752
20250723210835,0.0737,-0.4535,-0.8760
20250723210836,0.0759,-0.4550,-0.8772
20250723210837,0.0725,-0.4523,-0.8752
20250723210838,0.0745,-0.4532,-0.8759
20250723210839,0.0750,-0.4529,-0.8759
20250723210840,0.0754,-0.4530,-0.8763
20250723210841,0.0708,-0.4521,-0.8770
20250723210842,0.0752,-0.4579,-0.8741
20250723210843,0.0709,-0.4532,-0.8726
20250723210844,0.0812,-0.4498,-0.8776
20250723210845,0.0718,-0.4556,-0.8722
20250723210846,0.0747,-0.4543,-0.8760
20250723210847,0.0660,-0.4561,-0.8750
20250723210848,0.0729,-0.4529,-0.8766
20250723210849,0.0756,-0.4536,-0.8755
20250723210850,0.0748,-0.4536,-0.8771
20250723210851,0.0742,-0.4534,-0.8762
20250723210852,0.0731,-0.4534,-0.8763
20250723210853,0.0735,-0.4540,-0.8761
20250723210854,0.0742,-0.4541,-0.8762
20250723210855,0.0735,-0.4529,-0.8762
20250723210856,0.0725,-0.4539,-0.8759
20250723210857,0.0723,-0.4531,-0.8761
20250723210858,0.0713,-0.4521,-0.8772
20250723210859,0.0735,-0.4534,-0.8757
20250723210900,0.0730,-0.4539,-0.8763
20250723210901,0.0736,-0.4528,-0.8760
20250723210902,0.0735,-0.4535,-0.8759
20250723210903,0.0737,-0.4535,-0.8759
20250723210904,0.0732,-0.4529,-0.8766
20250723210905,0.0736,-0.4526,-0.8761
20250723210906,0.0743,-0.4532,-0.8761
20250723210907,0.0737,-0.4531,-0.8765
20250723210908,0.0732,-0.4526,-0.8761
20250723210909,0.0736,-0.4535,-0.8765
20250723210910,0.0731,-0.4524,-0.8763
20250723210911,0.0750,-0.4529,-0.8763
20250723210912,0.0720,-0.4535,-0.8754
20250723210913,0.0730,-0.4532,-0.8761
20250723210914,0.0734,-0.4531,-0.8766
20250723210915,0.0729,-0.4534,-0.8763
20250723210916,0.0743,-0.4540,-0.8751
20250723210917,0.0750,-0.4532,-0.8765
20250723210918,0.0736,-0.4508,-0.8771
20250723210919,0.0752,-0.4525,-0.8768
20250723210920,0.0730,-0.4528,-0.8767
20250723210921,0.0739,-0.4539,-0.8762
20250723210922,0.0726,-0.4529,-0.8750
20250723210923,0.0745,-0.4507,-0.8756
20250723210924,0.0723,-0.4550,-0.8755
20250723210925,0.0703,-0.4528,-0.8832
20250723210926,0.0756,-0.4523,-0.8752
20250723210927,0.0725,-0.4519,-0.8765
20250723210928,0.0719,-0.4552,-0.8744
20250723210929,0.0814,-0.4524,-0.8762
20250723210930,0.0731,-0.4587,-0.8744
20250723210931,0.0712,-0.4519,-0.8762
20250723210932,0.0759,-0.4600,-0.8711
20250723210933,0.0763,-0.4509,-0.8756
20250723210934,0.0740,-0.4552,-0.8741
20250723210935,0.0747,-0.4492,-0.8749
20250723210936,0.0807,-0.4501,-0.8856
20250723210937,0.0756,-0.4563,-0.8774
20250723210938,0.0756,-0.4510,-0.8766
20250723210939,0.0730,-0.4526,-0.8763
20250723210940,0.0753,-0.4520,-0.8782
20250723210941,0.0807,-0.4535,-0.8787
20250723210942,0.0697,-0.4546,-0.8805
20250723210943,0.0710,-0.4519,-0.8761
20250723210944,0.0758,-0.4513,-0.8762
20250723210945,0.0707,-0.4540,-0.8783
20250723210946,0.0726,-0.4530,-0.8760
20250723210947,0.0731,-0.4539,-0.8756
20250723210948,0.0747,-0.4532,-0.8774
20250723210949,0.0724,-0.4518,-0.8782
20250723210950,0.0759,-0.4521,-0.8759
20250723210951,0.0742,-0.4539,-0.8752
20250723210952,0.0737,-0.4528,-0.8766
20250723210953,0.0740,-0.4532,-0.8759
20250723210954,0.0739,-0.4529,-0.8766
20250723210955,0.0736,-0.4531,-0.8765
20250723210956,0.0739,-0.4537,-0.8759
20250723210957,0.0736,-0.4539,-0.8755
20250723210958,0.0728,-0.4524,-0.8762
20250723210959,0.0736,-0.4528,-0.8756
20250723211000,0.0728,-0.4535,-0.8761
20250723211001,0.0715,-0.4526,-0.8756
20250723211002,0.0736,-0.4523,-0.8770
20250723211003,0.0754,-0.4529,-0.8767
20250723211004,0.0721,-0.4525,-0.8767
20250723211005,0.0730,-0.4535,-0.8759
20250723211006,0.0723,-0.4529,-0.8760
20250723211007,0.0724,-0.4558,-0.8748
20250723211008,0.0747,-0.4514,-0.8778
20250723211009,0.0710,-0.4513,-0.8767
20250723211010,0.0726,-0.4480,-0.8776
20250723211011,0.0721,-0.4532,-0.8760
20250723211012,0.0741,-0.4532,-0.8766
20250723211013,0.0757,-0.4530,-0.8763
20250723211014,0.0728,-0.4541,-0.8754
20250723211015,0.0730,-0.4526,-0.8771
20250723211016,0.0718,-0.4525,-0.8761
20250723211017,0.0701,-0.4530,-0.8773
20250723211018,0.0751,-0.4481,-0.8748
20250723211019,0.0699,-0.4529,-0.8787
20250723211020,0.0741,-0.4542,-0.8810
20250723211021,0.0753,-0.4623,-0.8704
20250723211022,0.0787,-0.4576,-0.8751
20250723211023,0.0710,-0.4519,-0.8785
20250723211024,0.0730,-0.4545,-0.8754
20250723211025,0.0728,-0.4545,-0.8726
20250723211026,0.0726,-0.4503,-0.8781
20250723211027,0.0737,-0.4531,-0.8759
20250723211028,0.0734,-0.4528,-0.8762
20250723211029,0.0734,-0.4531,-0.8770
20250723211030,0.0731,-0.4526,-0.8762
20250723211031,0.0739,-0.4534,-0.8770
20250723211032,0.0729,-0.4519,-0.8765
20250723211033,0.0729,-0.4530,-0.8759
20250723211034,0.0742,-0.4532,-0.8762
20250723211035,0.0734,-0.4536,-0.8766
20250723211036,0.0729,-0.4526,-0.8765
20250723211037,0.0731,-0.4526,-0.8763
20250723211038,0.0745,-0.4530,-0.8771
20250723211039,0.0735,-0.4540,-0.8763
20250723211040,0.0730,-0.4532,-0.8757
20250723211041,0.0741,-0.4515,-0.8701
20250723211042,0.0754,-0.4541,-0.8763
20250723211043,0.0732,-0.4526,-0.8763
20250723211044,0.0741,-0.4524,-0.8767
20250723211045,0.0739,-0.4524,-0.8762
20250723211046,0.0734,-0.4543,-0.8838
20250723211047,0.0742,-0.4537,-0.8756
20250723211048,0.0748,-0.4547,-0.8756
20250723211049,0.0720,-0.4531,-0.8763
20250723211050,0.0718,-0.4514,-0.8763
20250723211051,0.0746,-0.4528,-0.8752
20250723211052,0.0731,-0.4525,-0.8763
20250723211053,0.0741,-0.4536,-0.8765
20250723211054,0.0729,-0.4521,-0.8766
20250723211055,0.0734,-0.4529,-0.8762
20250723211056,0.0731,-0.4531,-0.8754
20250723211057,0.0734,-0.4530,-0.8757
20250723211058,0.0732,-0.4526,-0.8767
20250723211059,0.0759,-0.4534,-0.8760
20250723211100,0.0756,-0.4535,-0.8744
20250723211101,0.0779,-0.4528,-0.8740
20250723211102,0.0791,-0.4534,-0.8783
20250723211103,0.0737,-0.4526,-0.8760
20250723211104,0.0725,-0.4543,-0.8759
20250723211105,0.0714,-0.4500,-0.8778
20250723211106,0.0706,-0.4534,-0.8755
20250723211107,0.0717,-0.4501,-0.8746
20250723211108,0.0724,-0.4535,-0.8756
20250723211109,0.0737,-0.4519,-0.8767
20250723211110,0.0610,-0.4509,-0.8781
20250723211111,0.0770,-0.4568,-0.8800
20250723211112,0.0709,-0.4540,-0.8771
20250723211113,0.0706,-0.4526,-0.8768
20250723211114,0.0801,-0.4519,-0.8756
20250723211115,0.0746,-0.4530,-0.8754
20250723211116,0.0723,-0.4521,-0.8771
20250723211117,0.0728,-0.4517,-0.8765
20250723211118,0.0731,-0.4520,-0.8770
20250723211119,0.0740,-0.4524,-0.8762
20250723211120,0.0730,-0.4543,-0.8748
20250723211121,0.0757,-0.4540,-0.8762
20250723211122,0.0730,-0.4529,-0.8771
20250723211123,0.0736,-0.4536,-0.8766
20250723211124,0.0756,-0.4507,-0.8773
20250723211125,0.0732,-0.4517,-0.8766
20250723211126,0.0725,-0.4519,-0.8766
20250723211127,0.0743,-0.4584,-0.8743
20250723211128,0.0724,-0.4547,-0.8761
20250723211129,0.0739,-0.4523,-0.8768
20250723211130,0.0730,-0.4529,-0.8759
20250723211131,0.0741,-0.4547,-0.8754
20250723211132,0.0726,-0.4520,-0.8774
20250723211133,0.0739,-0.4536,-0.8756
20250723211134,0.0757,-0.4531,-0.8755
20250723211135,0.0743,-0.4495,-0.8772
20250723211136,0.0756,-0.4540,-0.8768
20250723211137,0.0732,-0.4536,-0.8755
20250723211138,0.0735,-0.4526,-0.8763
20250723211139,0.0745,-0.4528,-0.8770
20250723211140,0.0746,-0.4537,-0.8766
20250723211141,0.0746,-0.4523,-0.8757
20250723211142,0.0741,-0.4536,-0.8765
20250723211143,0.0709,-0.4524,-0.8766
20250723211145,0.0724,-0.4553,-0.8744
20250723211146,0.0686,-0.4541,-0.8766
20250723211147,0.0731,-0.4521,-0.8771
20250723211148,0.0741,-0.4537,-0.8766
20250723211149,0.0746,-0.4530,-0.8761
20250723211150,0.0736,-0.4532,-0.8756
20250723211151,0.0742,-0.4540,-0.8755
20250723211152,0.0741,-0.4521,-0.8771
20250723211153,0.0786,-0.4545,-0.8745
20250723211154,0.0775,-0.4607,-0.8712
20250723211155,0.0741,-0.4528,-0.8766
20250723211156,0.0699,-0.4543,-0.8817
20250723211157,0.0662,-0.4468,-0.8773
20250723211158,0.0741,-0.4520,-0.8766
20250723211159,0.0714,-0.4554,-0.8749
20250723211200,0.0737,-0.4519,-0.8765
20250723211201,0.0739,-0.4532,-0.8761
20250723211202,0.0734,-0.4524,-0.8759
20250723211203,0.0740,-0.4523,-0.8767
20250723211204,0.0751,-0.4559,-0.8744
20250723211205,0.0719,-0.4553,-0.8749
20250723211206,0.0730,-0.4504,-0.8779
20250723211207,0.0729,-0.4523,-0.8765
20250723211208,0.0725,-0.4528,-0.8760
20250723211209,0.0752,-0.4541,-0.8760
20250723211210,0.0742,-0.4530,-0.8762
20250723211211,0.0737,-0.4518,-0.8766
20250723211212,0.0739,-0.4528,-0.8771
20250723211213,0.0745,-0.4528,-0.8762
20250723211214,0.0741,-0.4528,-0.8768
20250723211215,0.0762,-0.4537,-0.8757
20250723211216,0.0734,-0.4524,-0.8766
20250723211217,0.0737,-0.4541,-0.8763
20250723211218,0.0763,-0.4526,-0.8760
20250723211219,0.0720,-0.4502,-0.8774
20250723211220,0.0687,-0.4558,-0.8757
20250723211221,0.0695,-0.4506,-0.8778
20250723211222,0.0858,-0.4493,-0.8783
20250723211223,0.0677,-0.4528,-0.8752
20250723211224,0.0734,-0.4553,-0.8872
20250723211225,0.0753,-0.4506,-0.8771
20250723211226,0.0748,-0.4541,-0.8766
20250723211227,0.0742,-0.4535,-0.8760
20250723211228,0.0747,-0.4510,-0.8773
20250723211229,0.0725,-0.4586,-0.8734
20250723211230,0.0757,-0.4550,-0.8752
20250723211231,0.0742,-0.4598,-0.8727
20250723211232,0.0725,-0.4548,-0.8749
20250723211233,0.0724,-0.4553,-0.8762
20250723211234,0.0728,-0.4545,-0.8763
20250723211235,0.0736,-0.4542,-0.8755
20250723211236,0.0736,-0.4535,-0.8751
20250723211237,0.0734,-0.4528,-0.8761
20250723211238,0.0736,-0.4521,-0.8771
20250723211239,0.0735,-0.4528,-0.8772
20250723211240,0.0728,-0.4554,-0.8756
20250723211241,0.0721,-0.4548,-0.8757
20250723211242,0.0723,-0.4550,-0.8755
20250723211243,0.0743,-0.4537,-0.8757
20250723211244,0.0723,-0.4554,-0.8755
20250723211245,0.0717,-0.4535,-0.8761
20250723211246,0.0725,-0.4526,-0.8768
20250723211247,0.0725,-0.4537,-0.8755
20250723211248,0.0732,-0.4529,-0.8761
20250723211249,0.0720,-0.4539,-0.8765
20250723211250,0.0730,-0.4534,-0.8759
20250723211251,0.0734,-0.4532,-0.8760
20250723211252,0.0729,-0.4540,-0.8754
20250723211253,0.0732,-0.4532,-0.8760
20250723211254,0.0741,-0.4537,-0.8757
20250723211255,0.0712,-0.4530,-0.8767
20250723211256,0.0731,-0.4540,-0.8760
20250723211257,0.0728,-0.4504,-0.8779
20250723211258,0.0726,-0.4537,-0.8768
20250723211259,0.0736,-0.4531,-0.8771
20250723211300,0.0729,-0.4530,-0.8763
20250723211301,0.0735,-0.4531,-0.8763
20250723211302,0.0729,-0.4512,-0.8772
20250723211303,0.0742,-0.4540,-0.8759
20250723211304,0.0696,-0.4539,-0.8766
20250723211305,0.0718,-0.4532,-0.8772
20250723211306,0.0719,-0.4536,-0.8765
20250723211307,0.0691,-0.4503,-0.8766
20250723211308,0.0726,-0.4504,-0.8759
20250723211309,0.0756,-0.4562,-0.8749
20250723211310,0.0707,-0.4498,-0.8784
20250723211311,0.0675,-0.4448,-0.8812
20250723211312,0.0787,-0.4453,-0.8762
20250723211313,0.0769,-0.4508,-0.8766
20250723211314,0.0734,-0.4509,-0.8771
20250723211315,0.0728,-0.4532,-0.8760
20250723211316,0.0745,-0.4524,-0.8777
20250723211317,0.0823,-0.4590,-0.8738
20250723211318,0.0719,-0.4561,-0.8751
20250723211319,0.0757,-0.4546,-0.8756
20250723211320,0.0771,-0.4559,-0.8767
20250723211321,0.0625,-0.4535,-0.8737
20250723211322,0.0742,-0.4567,-0.8754
20250723211323,0.0763,-0.4492,-0.8732
20250723211324,0.0792,-0.4552,-0.8792
20250723211325,0.0707,-0.4526,-0.8757
20250723211326,0.0692,-0.4506,-0.8779
20250723211327,0.0721,-0.4515,-0.8779
20250723211328,0.0712,-0.4524,-0.8788
20250723211329,0.0726,-0.4563,-0.8744
20250723211330,0.0735,-0.4528,-0.8768
20250723211331,0.0746,-0.4517,-0.8768
20250723211332,0.0726,-0.4539,-0.8746
20250723211333,0.0725,-0.4521,-0.8759
20250723211334,0.0732,-0.4528,-0.8766
20250723211335,0.0742,-0.4530,-0.8757
20250723211336,0.0735,-0.4529,-0.8761
20250723211337,0.0731,-0.4535,-0.8757
20250723211338,0.0732,-0.4540,-0.8755
20250723211339,0.0728,-0.4542,-0.8754
20250723211340,0.0758,-0.4517,-0.8767
20250723211341,0.0723,-0.4543,-0.8766
20250723211342,0.0728,-0.4576,-0.8760
20250723211343,0.0732,-0.4540,-0.8756
20250723211344,0.0773,-0.4407,-0.8799
20250723211345,0.0714,-0.4453,-0.8820
20250723211346,0.0712,-0.4479,-0.8793
20250723211347,0.0742,-0.4180,-0.8929
20250723211348,0.0750,-0.4193,-0.8929
20250723211349,0.0754,-0.4152,-0.8945
20250723211350,0.0757,-0.4178,-0.8934
20250723211351,0.0752,-0.4132,-0.8961
20250723211352,0.0746,-0.4150,-0.8949
20250723211353,0.0752,-0.4175,-0.8933
20250723211354,0.0747,-0.4166,-0.8944
20250723211355,0.0745,-0.4163,-0.8940
20250723211356,0.0747,-0.4159,-0.8948
20250723211357,0.0756,-0.4160,-0.8948
20250723211358,0.0753,-0.4172,-0.8940
20250723211359,0.0758,-0.4153,-0.8938
20250723211400,0.0771,-0.4165,-0.8953
20250723211401,0.0751,-0.4166,-0.8950
20250723211402,0.0771,-0.4169,-0.8951
20250723211403,0.0723,-0.4128,-0.8973
20250723211404,0.0774,-0.4150,-0.8942
20250723211405,0.0746,-0.4180,-0.8915
20250723211406,0.0767,-0.4128,-0.8950
20250723211407,0.0767,-0.4174,-0.8939
20250723211408,0.0771,-0.4121,-0.8932
20250723211409,0.0757,-0.4163,-0.8932
20250723211410,0.0745,-0.4247,-0.8914
20250723211411,0.0760,-0.4230,-0.8917
20250723211412,0.0773,-0.4174,-0.8937
20250723211413,0.0699,-0.4135,-0.8967
20250723211414,0.0713,-0.4193,-0.8912
20250723211415,0.0776,-0.4193,-0.8926
20250723211416,0.0787,-0.4219,-0.8928
20250723211417,0.0760,-0.4150,-0.8955
20250723211418,0.0756,-0.4092,-0.8912
20250723211419,0.0792,-0.4174,-0.8988
20250723211420,0.0764,-0.4186,-0.8938
20250723211421,0.0709,-0.4135,-0.8914
20250723211422,0.0773,-0.4167,-0.8967
20250723211423,0.0793,-0.4156,-0.8945
20250723211424,0.0759,-0.4204,-0.8939
20250723211425,0.0747,-0.4149,-0.8951
20250723211426,0.0758,-0.4154,-0.8944
20250723211427,0.0762,-0.4161,-0.8945
20250723211428,0.0758,-0.4152,-0.8942
20250723211429,0.0767,-0.4135,-0.8954
20250723211430,0.0741,-0.4160,-0.8949
20250723211431,0.0746,-0.4154,-0.8938
20250723211432,0.0763,-0.4163,-0.8933
20250723211433,0.0748,-0.4181,-0.8929
20250723211434,0.0764,-0.4170,-0.8940
20250723211435,0.0759,-0.4159,-0.8947
20250723211436,0.0770,-0.4165,-0.8940
20250723211437,0.0735,-0.4153,-0.8940
20250723211438,0.0767,-0.4159,-0.8956
20250723211439,0.0776,-0.4135,-0.8948
20250723211440,0.0747,-0.4177,-0.8927
20250723211441,0.0760,-0.4167,-0.8936
20250723211442,0.0784,-0.4163,-0.8950
20250723211443,0.0759,-0.4175,-0.8949
20250723211444,0.0752,-0.4172,-0.8937
20250723211445,0.0743,-0.4172,-0.8937
20250723211446,0.0762,-0.4137,-0.8954
20250723211447,0.0760,-0.4158,-0.8940
20250723211448,0.0743,-0.4155,-0.8937
20250723211449,0.0742,-0.4139,-0.8959
20250723211450,0.0754,-0.4185,-0.8932
20250723211451,0.0731,-0.4165,-0.8948
20250723211452,0.0767,-0.4146,-0.8954
20250723211453,0.0746,-0.4199,-0.8940
20250723211454,0.0720,-0.4180,-0.8948
20250723211455,0.0731,-0.4203,-0.8950
20250723211456,0.0757,-0.4154,-0.8948
20250723211457,0.0758,-0.4147,-0.8943
20250723211458,0.0709,-0.4237,-0.8940
20250723211459,0.0802,-0.3218,-0.9344
20250723211500,0.0793,-0.3472,-0.9244
20250723211501,0.0774,-0.3447,-0.9243
20250723211502,0.0785,-0.3494,-0.9226
20250723211503,0.0786,-0.3494,-0.9227
20250723211504,0.0791,-0.3108,-0.9384
20250723211505,0.0719,-0.3350,-0.9276
20250723211506,0.0782,-0.3398,-0.9270
20250723211507,0.0791,-0.3429,-0.9254
20250723211508,0.0787,-0.3356,-0.9288
20250723211509,0.0746,-0.3387,-0.9272
20250723211510,0.0767,-0.3423,-0.9275
20250723211511,0.0762,-0.3406,-0.9261
20250723211512,0.0764,-0.3406,-0.9265
20250723211513,0.0776,-0.3412,-0.9259
20250723211514,0.0789,-0.3423,-0.9261
20250723211515,0.0774,-0.3397,-0.9269
20250723211516,0.0775,-0.3412,-0.9271
20250723211517,0.0768,-0.3408,-0.9270
20250723211518,0.0751,-0.3396,-0.9270
20250723211519,0.0786,-0.3398,-0.9279
20250723211520,0.0769,-0.3396,-0.9265
20250723211521,0.0741,-0.3412,-0.9270
20250723211522,0.0780,-0.3405,-0.9270
20250723211523,0.0754,-0.3413,-0.9271
20250723211524,0.0802,-0.3423,-0.9252
20250723211525,0.0760,-0.3400,-0.9268
20250723211526,0.0769,-0.3417,-0.9272
20250723211527,0.0769,-0.3417,-0.9260
20250723211528,0.0769,-0.3402,-0.9264
20250723211529,0.0776,-0.3409,-0.9264
20250723211530,0.0767,-0.3403,-0.9268
20250723211531,0.0756,-0.3398,-0.9257
20250723211532,0.0758,-0.3403,-0.9271
20250723211533,0.0735,-0.3385,-0.9283
20250723211534,0.0762,-0.3400,-0.9266
20250723211535,0.0774,-0.3414,-0.9265
20250723211536,0.0763,-0.3383,-0.9280
20250723211537,0.0823,-0.3414,-0.9242
20250723211538,0.0792,-0.3468,-0.9236
20250723211539,0.0706,-0.3420,-0.9286
20250723211540,0.0814,-0.3378,-0.9265
20250723211541,0.0776,-0.3398,-0.9302
20250723211542,0.0759,-0.3501,-0.9226
20250723211543,0.0815,-0.3389,-0.9292
20250723211544,0.0802,-0.3418,-0.9281
20250723211545,0.0801,-0.3422,-0.9268
20250723211546,0.0780,-0.3446,-0.9252
20250723211547,0.0731,-0.3331,-0.9277
20250723211548,0.0754,-0.3409,-0.9269
20250723211549,0.0795,-0.3477,-0.9233
20250723211550,0.0789,-0.3429,-0.9255
20250723211551,0.0774,-0.3368,-0.9277
20250723211552,0.0780,-0.3425,-0.9248
20250723211553,0.0770,-0.3406,-0.9263
20250723211554,0.0768,-0.3407,-0.9265
20250723211555,0.0775,-0.3372,-0.9280
20250723211556,0.0781,-0.3396,-0.9264
20250723211557,0.0756,-0.3401,-0.9276
20250723211558,0.0764,-0.3409,-0.9266
20250723211559,0.0773,-0.3395,-0.9265
20250723211600,0.0778,-0.3405,-0.9266
20250723211601,0.0757,-0.3390,-0.9266
20250723211602,0.0790,-0.3406,-0.9259
20250723211603,0.0792,-0.3395,-0.9274
20250723211604,0.0760,-0.3391,-0.9272
20250723211605,0.0778,-0.3407,-0.9270
20250723211606,0.0780,-0.3397,-0.9269
20250723211607,0.0752,-0.3405,-0.9268
20250723211608,0.0780,-0.3427,-0.9275
20250723211609,0.0770,-0.3394,-0.9275
20250723211610,0.0758,-0.3395,-0.9281
20250723211611,0.0789,-0.3368,-0.9270
20250723211612,0.0780,-0.3407,-0.9260
20250723211613,0.0724,-0.3416,-0.9259
20250723211614,0.0774,-0.3413,-0.9268
20250723211615,0.0757,-0.3387,-0.9270
20250723211616,0.0764,-0.3423,-0.9264
20250723211617,0.0759,-0.3448,-0.9246
20250723211618,0.0786,-0.3405,-0.9275
20250723211619,0.0776,-0.3420,-0.9261
20250723211620,0.0765,-0.3423,-0.9260
20250723211621,0.0781,-0.3458,-0.9244
20250723211622,0.0791,-0.3456,-0.9238
20250723211623,0.0774,-0.3422,-0.9264
20250723211624,0.0791,-0.3407,-0.9266
20250723211625,0.0764,-0.3409,-0.9266
20250723211626,0.0795,-0.3437,-0.9259
20250723211627,0.0774,-0.3406,-0.9259
20250723211628,0.0729,-0.3423,-0.9277
20250723211629,0.0774,-0.3384,-0.9281
20250723211630,0.0751,-0.3383,-0.9268
20250723211631,0.0776,-0.3400,-0.9258
20250723211632,0.0786,-0.3403,-0.9275
20250723211633,0.0757,-0.3434,-0.9257
20250723211634,0.0775,-0.3403,-0.9266
20250723211635,0.0770,-0.3398,-0.9266
20250723211636,0.0757,-0.3414,-0.9266
20250723211637,0.0778,-0.3403,-0.9268
20250723211638,0.0773,-0.3417,-0.9266
20250723211639,0.0776,-0.3416,-0.9260
20250723211640,0.0844,-0.3376,-0.9265
20250723211641,0.0789,-0.3427,-0.9263
20250723211642,0.0771,-0.3412,-0.9259
20250723211643,0.0780,-0.3417,-0.9257
20250723211644,0.0773,-0.3414,-0.9266
20250723211645,0.0769,-0.3387,-0.9270
20250723211646,0.0776,-0.3414,-0.9275
20250723211647,0.0756,-0.3413,-0.9265
20250723211648,0.0786,-0.3406,-0.9261
20250723211649,0.0773,-0.3413,-0.9264
20250723211650,0.0757,-0.3414,-0.9264
20250723211651,0.0779,-0.3430,-0.9265
20250723211652,0.0782,-0.3401,-0.9269
20250723211653,0.0769,-0.3412,-0.9259
20250723211654,0.0769,-0.3409,-0.9258
20250723211655,0.0760,-0.3413,-0.9275
20250723211656,0.0786,-0.3376,-0.9303
20250723211657,0.0774,-0.3414,-0.9265
20250723211658,0.0839,-0.3401,-0.9257
20250723211659,0.0833,-0.3333,-0.9285
20250723211700,0.0770,-0.3375,-0.9304
20250723211701,0.0732,-0.3422,-0.9277
20250723211702,0.0809,-0.3441,-0.9244
20250723211703,0.0760,-0.3455,-0.9238
20250723211704,0.0735,-0.3365,-0.9252
20250723211705,0.0791,-0.3392,-0.9270
20250723211706,0.0710,-0.3439,-0.9252
20250723211707,0.0809,-0.3422,-0.9259
20250723211708,0.0796,-0.3352,-0.9291
20250723211709,0.0714,-0.3385,-0.9247
20250723211710,0.0740,-0.3439,-0.9226
20250723211711,0.0757,-0.3384,-0.9249
20250723211712,0.0756,-0.3362,-0.9297
20250723211713,0.0720,-0.3384,-0.9304
20250723211714,0.0757,-0.3345,-0.9276
20250723211715,0.0713,-0.3441,-0.9276
20250723211716,0.0782,-0.3417,-0.9265
20250723211717,0.0850,-0.3348,-0.9264
20250723211718,0.0800,-0.3380,-0.9270
20250723211719,0.0739,-0.3390,-0.9270
20250723211720,0.0770,-0.3413,-0.9259
20250723211721,0.0818,-0.3395,-0.9275
20250723211722,0.0790,-0.3397,-0.9275
20250723211723,0.0754,-0.3381,-0.9272
20250723211724,0.0753,-0.3401,-0.9252
20250723211725,0.0776,-0.3380,-0.9264
20250723211726,0.0745,-0.3422,-0.9270
20250723211727,0.0778,-0.3395,-0.9270
20250723211728,0.0762,-0.3406,-0.9264
20250723211729,0.0768,-0.3405,-0.9272
20250723211730,0.0770,-0.3385,-0.9282
20250723211731,0.0773,-0.3417,-0.9263
20250723211732,0.0771,-0.3407,-0.9265
20250723211733,0.0757,-0.3417,-0.9268
20250723211734,0.0786,-0.3390,-0.9271
20250723211735,0.0778,-0.3380,-0.9274
20250723211736,0.0781,-0.3380,-0.9265
20250723211737,0.0760,-0.3405,-0.9269
20250723211738,0.0779,-0.3373,-0.9271
20250723211739,0.0770,-0.3397,-0.9276
20250723211740,0.0779,-0.3407,-0.9266
20250723211741,0.0680,-0.3499,-0.9204
20250723211742,0.0758,-0.3417,-0.9272
20250723211743,0.0773,-0.3401,-0.9265
20250723211744,0.0769,-0.3401,-0.9260
20250723211745,0.0774,-0.3408,-0.9268
20250723211746,0.0769,-0.3419,-0.9269
20250723211747,0.0748,-0.3401,-0.9265
20250723211748,0.0778,-0.3408,-0.9266
20250723211749,0.0781,-0.3402,-0.9259
20250723211750,0.0778,-0.3403,-0.9275
20250723211751,0.0725,-0.3403,-0.9270
20250723211752,0.0768,-0.3387,-0.9279
20250723211753,0.0781,-0.3398,-0.9274
20250723211754,0.0775,-0.3395,-0.9270
20250723211755,0.0787,-0.3394,-0.9265
20250723211756,0.0782,-0.3407,-0.9265
20250723211757,0.0781,-0.3420,-0.9254
20250723211758,0.0776,-0.3387,-0.9270
20250723211759,0.0776,-0.3412,-0.9263
20250723211800,0.0763,-0.3398,-0.9261
20250723211801,0.0776,-0.3407,-0.9275
20250723211802,0.0731,-0.3358,-0.9269
20250723211804,0.0778,-0.3391,-0.9282
20250723211805,0.0768,-0.3378,-0.9240
20250723211806,0.0697,-0.3385,-0.9263
20250723211807,0.0725,-0.3464,-0.9225
20250723211808,0.0752,-0.3422,-0.9274
20250723211809,0.0793,-0.3391,-0.9257
20250723211810,0.0764,-0.3381,-0.9263
20250723211811,0.0808,-0.3345,-0.9297
20250723211812,0.0758,-0.3375,-0.9277
20250723211813,0.0811,-0.3383,-0.9304
20250723211814,0.0776,-0.3436,-0.9247
20250723211815,0.0759,-0.3425,-0.9250
20250723211816,0.0773,-0.3408,-0.9264
20250723211817,0.0756,-0.3398,-0.9260
20250723211818,0.0770,-0.3386,-0.9277
20250723211819,0.0762,-0.3402,-0.9268
20250723211820,0.0775,-0.3394,-0.9270
20250723211821,0.0780,-0.3403,-0.9263
20250723211822,0.0763,-0.3423,-0.9263
20250723211823,0.0763,-0.3405,-0.9259
20250723211824,0.0774,-0.3396,-0.9266
20250723211825,0.0776,-0.3409,-0.9264
20250723211826,0.0734,-0.3359,-0.9290
20250723211827,0.0791,-0.3335,-0.9296
20250723211828,0.0762,-0.3403,-0.9252
20250723211829,0.0781,-0.3412,-0.9277
20250723211830,0.0796,-0.3391,-0.9269
20250723211831,0.0756,-0.3405,-0.9266
20250723211832,0.0771,-0.3387,-0.9261
20250723211833,0.0764,-0.3383,-0.9271
20250723211834,0.0774,-0.3398,-0.9265
20250723211835,0.0721,-0.3364,-0.9293
20250723211836,0.0776,-0.3411,-0.9265
20250723211837,0.0752,-0.3389,-0.9229
20250723211838,0.0795,-0.3416,-0.9276
20250723211839,0.0746,-0.3342,-0.9286
20250723211840,0.0773,-0.3325,-0.9305
20250723211841,0.0773,-0.3386,-0.9281
20250723211842,0.0768,-0.3380,-0.9261
20250723211843,0.0786,-0.3391,-0.9260
20250723211844,0.0781,-0.3397,-0.9269
20250723211845,0.0815,-0.3378,-0.9266
20250723211846,0.0769,-0.3392,-0.9276
20250723211847,0.0780,-0.3414,-0.9254
20250723211848,0.0685,-0.3495,-0.9258
20250723211849,0.0724,-0.3374,-0.9294
20250723211850,0.0806,-0.3397,-0.9266
20250723211851,0.0782,-0.3444,-0.9257
20250723211852,0.0773,-0.3420,-0.9260
20250723211853,0.0742,-0.3420,-0.9266
20250723211854,0.0771,-0.3414,-0.9254
20250723211855,0.0775,-0.3423,-0.9255
20250723211856,0.0751,-0.3414,-0.9266
20250723211857,0.0762,-0.3419,-0.9250
20250723211858,0.0781,-0.3405,-0.9268
20250723211859,0.0768,-0.3403,-0.9259
20250723211900,0.0776,-0.3406,-0.9257
20250723211901,0.0774,-0.3416,-0.9263
20250723211902,0.0781,-0.3417,-0.9263
20250723211903,0.0776,-0.3434,-0.9252
20250723211904,0.0760,-0.3412,-0.9254
20250723211905,0.0768,-0.3419,-0.9249
20250723211906,0.0775,-0.3448,-0.9248
20250723211907,0.0756,-0.3409,-0.9259
20250723211908,0.0782,-0.3389,-0.9264
20250723211909,0.0769,-0.3394,-0.9275
20250723211910,0.0762,-0.3398,-0.9265
20250723211911,0.0751,-0.3359,-0.9260
20250723211912,0.0756,-0.3391,-0.9270
20250723211913,0.0729,-0.3413,-0.9259
20250723211914,0.0775,-0.3408,-0.9264
20250723211915,0.0782,-0.3387,-0.9265
20250723211916,0.0760,-0.3391,-0.9272
20250723211917,0.0770,-0.3411,-0.9261
20250723211918,0.0776,-0.3405,-0.9264
20250723211919,0.0769,-0.3408,-0.9265
20250723211920,0.0767,-0.3411,-0.9263
20250723211921,0.0790,-0.3406,-0.9263
20250723211922,0.0758,-0.3427,-0.9254
20250723211923,0.0814,-0.3473,-0.9254
20250723211924,0.0809,-0.3422,-0.9242
20250723211925,0.0763,-0.3391,-0.9308
20250723211926,0.0756,-0.3431,-0.9264
20250723211927,0.0769,-0.3459,-0.9252
20250723211928,0.0780,-0.3422,-0.9254
20250723211929,0.0756,-0.3417,-0.9254
20250723211930,0.0781,-0.3435,-0.9261
20250723211931,0.0780,-0.3435,-0.9264
20250723211932,0.0774,-0.3435,-0.9252
20250723211933,0.0780,-0.3441,-0.9257
20250723211934,0.0762,-0.3427,-0.9258
20250723211935,0.0764,-0.3402,-0.9270
20250723211936,0.0825,-0.3434,-0.9250
20250723211937,0.0768,-0.3450,-0.9263
20250723211938,0.0753,-0.3434,-0.9254
20250723211939,0.0764,-0.3408,-0.9259
20250723211940,0.0752,-0.3398,-0.9271
20250723211941,0.0841,-0.3457,-0.9237
20250723211942,0.0774,-0.3448,-0.9258
20250723211943,0.0790,-0.3544,-0.9208
20250723211944,0.0839,-0.3433,-0.9268
20250723211945,0.0757,-0.3448,-0.9246
20250723211946,0.0767,-0.3467,-0.9240
20250723211947,0.0754,-0.3478,-0.9246
20250723211948,0.0750,-0.3444,-0.9241
20250723211949,0.0767,-0.3451,-0.9248
20250723211950,0.0779,-0.3451,-0.9243
20250723211951,0.0764,-0.3445,-0.9244
20250723211952,0.0756,-0.3463,-0.9243
20250723211953,0.0790,-0.3445,-0.9241
20250723211954,0.0753,-0.3475,-0.9244
20250723211955,0.0769,-0.3439,-0.9241
20250723211956,0.0763,-0.3462,-0.9244
20250723211957,0.0762,-0.3447,-0.9255
20250723211958,0.0770,-0.3463,-0.9253
20250723211959,0.0764,-0.3455,-0.9250
20250723212000,0.0763,-0.3452,-0.9246
20250723212001,0.0767,-0.3455,-0.9244
20250723212002,0.0769,-0.3446,-0.9247
20250723212003,0.0781,-0.3445,-0.9243
20250723212004,0.0778,-0.3445,-0.9257
20250723212005,0.0778,-0.3456,-0.9261
20250723212006,0.0757,-0.3444,-0.9254
20250723212007,0.0780,-0.3440,-0.9252
20250723212008,0.0775,-0.3417,-0.9255
20250723212009,0.0774,-0.3457,-0.9243
20250723212010,0.0845,-0.3477,-0.9229
20250723212011,0.0768,-0.3456,-0.9241
20250723212012,0.0781,-0.3489,-0.9238
20250723212013,0.0750,-0.3459,-0.9241
20250723212014,0.0780,-0.3473,-0.9243
20250723212015,0.0767,-0.3446,-0.9253
20250723212016,0.0741,-0.3425,-0.9261
20250723212017,0.0753,-0.3440,-0.9258
20250723212018,0.0784,-0.3472,-0.9236
20250723212019,0.0776,-0.3433,-0.9250
20250723212020,0.0756,-0.3402,-0.9259
20250723212021,0.0753,-0.3464,-0.9249
20250723212022,0.0746,-0.3447,-0.9247
20250723212023,0.0771,-0.3439,-0.9241
20250723212024,0.0751,-0.3435,-0.9255
20250723212025,0.0778,-0.3459,-0.9243
20250723212026,0.0762,-0.3445,-0.9248
20250723212027,0.0757,-0.3437,-0.9254
20250723212028,0.0770,-0.3458,-0.9244
20250723212029,0.0752,-0.3444,-0.9250
20250723212030,0.0771,-0.3458,-0.9257
20250723212031,0.0795,-0.3444,-0.9242
20250723212032,0.0768,-0.3446,-0.9235
20250723212033,0.0774,-0.3461,-0.9240
20250723212034,0.0770,-0.3444,-0.9243
20250723212035,0.0773,-0.3442,-0.9247
20250723212036,0.0765,-0.3416,-0.9264
20250723212037,0.0763,-0.3428,-0.9252
20250723212038,0.0773,-0.3450,-0.9254
20250723212039,0.0825,-0.3458,-0.9233
20250723212040,0.0781,-0.3441,-0.9242
20250723212041,0.0753,-0.3437,-0.9246
20250723212042,0.0884,-0.3354,-0.9268
20250723212043,0.0768,-0.3434,-0.9252
20250723212044,0.0787,-0.3459,-0.9248
20250723212045,0.0813,-0.3241,-0.9315
20250723212046,0.0775,-0.3234,-0.9343
20250723212047,0.0769,-0.3160,-0.9320
20250723212048,0.0769,-0.3180,-0.9325
20250723212049,0.0764,-0.3220,-0.9332
20250723212050,0.0784,-0.3219,-0.9333
20250723212051,0.0702,-0.3232,-0.9316
20250723212052,0.0743,-0.3225,-0.9335
20250723212053,0.0825,-0.3289,-0.9312
20250723212054,0.0773,-0.3203,-0.9332
20250723212055,0.0764,-0.3236,-0.9337
20250723212056,0.0774,-0.3228,-0.9337
20250723212057,0.0797,-0.3229,-0.9327
20250723212058,0.0776,-0.3217,-0.9344
20250723212059,0.0781,-0.3181,-0.9353
20250723212100,0.0770,-0.3229,-0.9340
20250723212101,0.0798,-0.3209,-0.9333
20250723212102,0.0797,-0.3212,-0.9338
20250723212103,0.0785,-0.3212,-0.9338
20250723212104,0.0795,-0.3207,-0.9336
20250723212105,0.0773,-0.3186,-0.9335
20250723212106,0.0706,-0.3120,-0.9423
20250723212107,0.0785,-0.3186,-0.9344
20250723212108,0.0778,-0.3231,-0.9330
20250723212109,0.0791,-0.3182,-0.9343
20250723212110,0.0790,-0.3197,-0.9354
20250723212111,0.0791,-0.3203,-0.9337
20250723212112,0.0792,-0.3197,-0.9335
20250723212113,0.0764,-0.3210,-0.9342
20250723212114,0.0789,-0.3210,-0.9340
20250723212115,0.0791,-0.3219,-0.9335
20250723212116,0.0779,-0.3167,-0.9352
20250723212117,0.0790,-0.3213,-0.9342
20250723212118,0.0818,-0.3179,-0.9337
20250723212119,0.0769,-0.3210,-0.9403
20250723212120,0.0758,-0.3229,-0.9332
20250723212121,0.0756,-0.3241,-0.9340
20250723212122,0.0826,-0.3179,-0.9329
20250723212123,0.0775,-0.3212,-0.9321
20250723212124,0.0819,-0.3268,-0.9338
20250723212125,0.0817,-0.3208,-0.9336
20250723212126,0.0823,-0.3170,-0.9384
20250723212127,0.0760,-0.3241,-0.9312
20250723212128,0.0823,-0.3202,-0.9351
20250723212129,0.0785,-0.3232,-0.9370
20250723212130,0.0793,-0.3212,-0.9329
20250723212131,0.0707,-0.3187,-0.9242
20250723212132,0.0784,-0.3065,-0.9369
20250723212133,0.0792,-0.3188,-0.9329
20250723212134,0.0797,-0.3174,-0.9360
20250723212135,0.0808,-0.3197,-0.9338
20250723212136,0.0804,-0.3214,-0.9337
20250723212137,0.0791,-0.3199,-0.9342
20250723212138,0.0829,-0.3160,-0.9309
20250723212139,0.0811,-0.3152,-0.9323
20250723212140,0.0789,-0.3181,-0.9346
20250723212141,0.0785,-0.3185,-0.9340
20250723212142,0.0802,-0.3140,-0.9327
20250723212143,0.0757,-0.3175,-0.9312
20250723212144,0.0767,-0.3153,-0.9358
20250723212145,0.0782,-0.3232,-0.9382
20250723212146,0.0792,-0.3176,-0.9338
20250723212147,0.0784,-0.3195,-0.9341
20250723212148,0.0819,-0.3207,-0.9335
20250723212149,0.0795,-0.3252,-0.9347
20250723212150,0.0811,-0.3193,-0.9351
20250723212151,0.0787,-0.3180,-0.9347
20250723212152,0.0819,-0.3164,-0.9354
20250723212153,0.0792,-0.3225,-0.9327
20250723212154,0.0785,-0.3180,-0.9342
20250723212155,0.0793,-0.3158,-0.9341
20250723212156,0.0798,-0.3157,-0.9364
20250723212157,0.0763,-0.3204,-0.9362
20250723212158,0.0782,-0.3186,-0.9344
20250723212159,0.0775,-0.3188,-0.9349
20250723212200,0.0778,-0.3187,-0.9347
20250723212201,0.0786,-0.3214,-0.9331
20250723212202,0.0796,-0.3201,-0.9332
20250723212203,0.0811,-0.3174,-0.9346
20250723212204,0.0822,-0.3253,-0.9329
20250723212205,0.0768,-0.3219,-0.9337
20250723212206,0.0780,-0.3252,-0.9325
20250723212207,0.0806,-0.3237,-0.9330
20250723212208,0.0781,-0.3241,-0.9319
20250723212209,0.0758,-0.3225,-0.9333
20250723212210,0.0782,-0.3301,-0.9321
20250723212211,0.0797,-0.3223,-0.9344
20250723212212,0.0737,-0.3212,-0.9320
20250723212213,0.0773,-0.3250,-0.9323
20250723212214,0.0775,-0.3209,-0.9351
20250723212215,0.0779,-0.3243,-0.9318
20250723212216,0.0787,-0.3220,-0.9335
20250723212217,0.0797,-0.3256,-0.9353
20250723212218,0.0757,-0.3208,-0.9347
20250723212219,0.0781,-0.3201,-0.9344
20250723212220,0.0785,-0.3243,-0.9325
20250723212221,0.0763,-0.3223,-0.9337
20250723212222,0.0774,-0.3201,-0.9342
20250723212223,0.0842,-0.3174,-0.9357
20250723212224,0.0803,-0.3218,-0.9329
20250723212225,0.0797,-0.3235,-0.9327
20250723212226,0.0765,-0.3210,-0.9341
20250723212227,0.0789,-0.3236,-0.9321
20250723212228,0.0770,-0.3221,-0.9335
20250723212229,0.0825,-0.3157,-0.9370
20250723212230,0.0792,-0.3228,-0.9333
20250723212231,0.0793,-0.3247,-0.9326
20250723212232,0.0814,-0.3254,-0.9271
20250723212233,0.0796,-0.3234,-0.9341
20250723212234,0.0825,-0.3179,-0.9366
20250723212235,0.0808,-0.3248,-0.9326
20250723212236,0.0825,-0.3220,-0.9326
20250723212237,0.0768,-0.3197,-0.9347
20250723212238,0.0844,-0.3297,-0.9316
20250723212239,0.0784,-0.3187,-0.9344
20250723212240,0.0771,-0.3258,-0.9320
20250723212241,0.0768,-0.3181,-0.9348
20250723212242,0.0790,-0.3234,-0.9325
20250723212243,0.0791,-0.3235,-0.9326
20250723212244,0.0785,-0.3241,-0.9323
20250723212245,0.0750,-0.3241,-0.9305
20250723212246,0.0782,-0.3219,-0.9329
20250723212247,0.0770,-0.3223,-0.9335
20250723212248,0.0792,-0.3228,-0.9324
20250723212249,0.0784,-0.3210,-0.9329
20250723212250,0.0750,-0.3228,-0.9340
20250723212251,0.0775,-0.3226,-0.9330
20250723212252,0.0769,-0.3231,-0.9325
20250723212253,0.0789,-0.3220,-0.9333
20250723212254,0.0797,-0.3240,-0.9330
20250723212255,0.0803,-0.3220,-0.9327
20250723212256,0.0807,-0.3246,-0.9340
20250723212257,0.0752,-0.3239,-0.9331
20250723212258,0.0779,-0.3254,-0.9329
20250723212259,0.0771,-0.3199,-0.9343
20250723212300,0.0780,-0.3240,-0.9331
20250723212301,0.0784,-0.3235,-0.9327
20250723212302,0.0768,-0.3246,-0.9324
20250723212303,0.0800,-0.3237,-0.9331
20250723212304,0.0776,-0.3239,-0.9329
20250723212305,0.0758,-0.3242,-0.9315
20250723212306,0.0779,-0.3228,-0.9326
20250723212307,0.0835,-0.3210,-0.9343
20250723212308,0.0729,-0.3197,-0.9290
20250723212309,0.0735,-0.3217,-0.9347
20250723212310,0.0808,-0.3276,-0.9301
20250723212311,0.0780,-0.3177,-0.9355
20250723212312,0.0786,-0.3203,-0.9358
20250723212313,0.0795,-0.3201,-0.9327
20250723212314,0.0753,-0.3228,-0.9332
20250723212315,0.0781,-0.3237,-0.9319
20250723212316,0.0776,-0.3220,-0.9325
20250723212317,0.0780,-0.3240,-0.9332
20250723212318,0.0775,-0.3201,-0.9346
20250723212319,0.0773,-0.3209,-0.9336
20250723212320,0.0798,-0.3253,-0.9325
20250723212321,0.0764,-0.3199,-0.9327
20250723212322,0.0793,-0.3228,-0.9321
20250723212323,0.0785,-0.3245,-0.9319
20250723212324,0.0782,-0.3236,-0.9325
20250723212325,0.0831,-0.3257,-0.9310
20250723212326,0.0795,-0.3271,-0.9331
20250723212327,0.0743,-0.3241,-0.9302
20250723212328,0.0786,-0.3234,-0.9332
20250723212329,0.0774,-0.3157,-0.9310
20250723212330,0.0801,-0.3234,-0.9304
20250723212331,0.0758,-0.3202,-0.9338
20250723212332,0.0801,-0.3253,-0.9340
20250723212333,0.0776,-0.3268,-0.9313
20250723212334,0.0792,-0.3252,-0.9315
20250723212335,0.0837,-0.3225,-0.9314
20250723212336,0.0782,-0.3243,-0.9331
20250723212337,0.0767,-0.3262,-0.9319
20250723212338,0.0782,-0.3242,-0.9326
20250723212339,0.0781,-0.3214,-0.9329
20250723212340,0.0792,-0.3207,-0.9333
20250723212341,0.0782,-0.3237,-0.9323
20250723212342,0.0780,-0.3224,-0.9330
20250723212343,0.0779,-0.3232,-0.9331
20250723212344,0.0779,-0.3229,-0.9308
20250723212345,0.0770,-0.3197,-0.9333
20250723212346,0.0785,-0.3223,-0.9321
20250723212347,0.0787,-0.3230,-0.9331
20250723212348,0.0795,-0.3230,-0.9323
20250723212349,0.0781,-0.3225,-0.9332
20250723212350,0.0781,-0.3220,-0.9338
20250723212351,0.0779,-0.3242,-0.9336
20250723212352,0.0752,-0.3258,-0.9323
20250723212353,0.0825,-0.3269,-0.9314
20250723212354,0.0774,-0.3241,-0.9336
20250723212355,0.0781,-0.3220,-0.9343
20250723212356,0.0859,-0.3220,-0.9330
20250723212357,0.0735,-0.3214,-0.9323
20250723212358,0.0798,-0.3202,-0.9368
20250723212359,0.0770,-0.3235,-0.9332
20250723212400,0.0813,-0.3228,-0.9336
20250723212401,0.0800,-0.3218,-0.9340
20250723212402,0.0779,-0.3241,-0.9330
20250723212403,0.0781,-0.3225,-0.9335
20250723212404,0.0780,-0.3230,-0.9324
20250723212405,0.0782,-0.3234,-0.9327
20250723212406,0.0792,-0.3239,-0.9327
20250723212407,0.0780,-0.3236,-0.9320
20250723212408,0.0778,-0.3226,-0.9324
20250723212409,0.0774,-0.3245,-0.9324
20250723212410,0.0781,-0.3226,-0.9332
20250723212411,0.0786,-0.3287,-0.9287
20250723212412,0.0790,-0.3252,-0.9323
20250723212413,0.0758,-0.3231,-0.9331
20250723212414,0.0812,-0.3258,-0.9318
20250723212415,0.0767,-0.3204,-0.9335
20250723212416,0.0795,-0.3229,-0.9321
20250723212417,0.0779,-0.3224,-0.9333
20250723212418,0.0774,-0.3230,-0.9326
20250723212419,0.0790,-0.3228,-0.9319
20250723212420,0.0792,-0.3243,-0.9325
20250723212421,0.0780,-0.3234,-0.9329
20250723212423,0.0773,-0.3246,-0.9324
20250723212424,0.0784,-0.3204,-0.9346
20250723212425,0.0780,-0.3234,-0.9327
20250723212426,0.0819,-0.3252,-0.9325
20250723212427,0.0814,-0.3254,-0.9304
20250723212428,0.0776,-0.3208,-0.9340
20250723212429,0.0795,-0.3235,-0.9326
20250723212430,0.0786,-0.3223,-0.9321
20250723212431,0.0808,-0.3235,-0.9319
20250723212432,0.0773,-0.3198,-0.9341
20250723212433,0.0765,-0.3241,-0.9325
20250723212434,0.0784,-0.3179,-0.9302
20250723212435,0.0787,-0.3257,-0.9319
20250723212436,0.0797,-0.3243,-0.9319
20250723212437,0.0776,-0.3236,-0.9323
20250723212438,0.0773,-0.3215,-0.9344
20250723212439,0.0769,-0.3210,-0.9335
20250723212440,0.0759,-0.3187,-0.9342
20250723212441,0.0813,-0.3234,-0.9316
20250723212442,0.0758,-0.3240,-0.9323
20250723212443,0.0782,-0.3224,-0.9330
20250723212444,0.0782,-0.3223,-0.9333
20250723212445,0.0773,-0.3224,-0.9326
20250723212446,0.0779,-0.3239,-0.9326
20250723212447,0.0778,-0.3226,-0.9330
20250723212448,0.0796,-0.3223,-0.9329
20250723212449,0.0789,-0.3223,-0.9335
20250723212450,0.0776,-0.3218,-0.9336
20250723212451,0.0793,-0.3257,-0.9319
20250723212452,0.0785,-0.3228,-0.9337
20250723212453,0.0775,-0.3229,-0.9331
20250723212454,0.0782,-0.3220,-0.9330
20250723212455,0.0795,-0.3231,-0.9331
20250723212456,0.0775,-0.3213,-0.9287
20250723212457,0.0759,-0.3198,-0.9324
20250723212458,0.0778,-0.3140,-0.9352
20250723212459,0.0784,-0.3145,-0.9358
20250723212500,0.0857,-0.3177,-0.9309
20250723212501,0.0798,-0.3141,-0.9353
20250723212502,0.0776,-0.3169,-0.9348
20250723212503,0.0800,-0.3167,-0.9349
20250723212504,0.0784,-0.3186,-0.9346
20250723212505,0.0775,-0.3197,-0.9347
20250723212506,0.0748,-0.3168,-0.9346
20250723212507,0.0802,-0.3181,-0.9344
20250723212508,0.0811,-0.3187,-0.9341
20250723212509,0.0781,-0.3181,-0.9346
20250723212510,0.0787,-0.3213,-0.9342
20250723212511,0.0781,-0.3220,-0.9332
20250723212512,0.0789,-0.3217,-0.9326
20250723212513,0.0793,-0.3215,-0.9340
20250723212514,0.0782,-0.3220,-0.9344
20250723212515,0.0792,-0.3203,-0.9337
20250723212516,0.0790,-0.3208,-0.9338
20250723212517,0.0782,-0.3213,-0.9337
20250723212518,0.0790,-0.3196,-0.9337
20250723212519,0.0789,-0.3207,-0.9335
20250723212520,0.0793,-0.3215,-0.9342
20250723212521,0.0793,-0.3203,-0.9342
20250723212522,0.0780,-0.3213,-0.9341
20250723212523,0.0752,-0.3190,-0.9351
20250723212524,0.0806,-0.3223,-0.9327
20250723212525,0.0782,-0.3210,-0.9336
20250723212526,0.0780,-0.3199,-0.9336
20250723212527,0.0792,-0.3196,-0.9329
20250723212528,0.0757,-0.3184,-0.9335
20250723212529,0.0797,-0.3148,-0.9371
20250723212530,0.0732,-0.3184,-0.9323
20250723212531,0.0803,-0.3181,-0.9343
20250723212532,0.0758,-0.3208,-0.9321
20250723212533,0.0782,-0.3213,-0.9325
20250723212534,0.0819,-0.3292,-0.9485
20250723212535,0.0779,-0.3223,-0.9335
20250723212536,0.0778,-0.3204,-0.9336
20250723212537,0.0765,-0.3174,-0.9346
20250723212538,0.0789,-0.3257,-0.9323
20250723212539,0.0752,-0.3188,-0.9349
20250723212540,0.0833,-0.3181,-0.9346
20250723212541,0.0784,-0.3214,-0.9332
20250723212542,0.0768,-0.3221,-0.9337
20250723212543,0.0787,-0.3209,-0.9336
20250723212544,0.0773,-0.3232,-0.9319
20250723212545,0.0776,-0.3193,-0.9335
20250723212546,0.0763,-0.3231,-0.9320
20250723212547,0.0787,-0.3224,-0.9337
20250723212548,0.0800,-0.3250,-0.9323
20250723212549,0.0906,-0.3138,-0.9312
20250723212550,0.0748,-0.3265,-0.9274
20250723212551,0.0786,-0.3163,-0.9354
20250723212552,0.0769,-0.3209,-0.9327
20250723212553,0.0797,-0.3197,-0.9302
20250723212554,0.0802,-0.3229,-0.9261
20250723212555,0.0796,-0.3235,-0.9331
20250723212556,0.0703,-0.3192,-0.9326
20250723212557,0.0771,-0.3213,-0.9338
20250723212558,0.0781,-0.3193,-0.9342
20250723212559,0.0691,-0.3250,-0.9291
20250723212600,0.0726,-0.3126,-0.9375
20250723212601,0.0833,-0.3197,-0.9336
20250723212602,0.0776,-0.3245,-0.9327
20250723212603,0.0756,-0.3191,-0.9337
20250723212604,0.0785,-0.3214,-0.9342
20250723212605,0.0792,-0.3188,-0.9342
20250723212606,0.0786,-0.3212,-0.9327
20250723212607,0.0771,-0.3184,-0.9343
20250723212608,0.0720,-0.3179,-0.9357
20250723212609,0.0764,-0.3254,-0.9325
